vlcsnap-2025-06-02-13h22m06s352.png, 352고7198 
vlcsnap-2025-06-02-13h22m11s859.png, 67로 0737
vlcsnap-2025-06-02-13h22m25s698.png, 24저 1548
vlcsnap-2025-06-02-13h22m37s756.png, 18오 0374
vlcsnap-2025-06-02-13h22m42s667.png, 38조 2084
vlcsnap-2025-06-02-13h22m50s868.png, 43저 6167
vlcsnap-2025-06-02-13h22m59s111.png, 03보 74849
vlcsnap-2025-06-02-13h23m06s401.png, 19서 3661
vlcsnap-2025-06-02-13h23m10s938.png, 48버 1945
vlcsnap-2025-06-02-13h23m19s331.png, 35거 0225
vlcsnap-2025-06-02-13h23m27s622.png, 974 7742
vlcsnap-2025-06-02-13h23m32s720.png, 13다 6411
vlcsnap-2025-06-02-13h23m49s272.png, 594 0902
vlcsnap-2025-06-02-13h23m56s039.png, 거1모 9697
vlcsnap-2025-06-02-13h24m01s203.png, 25오 9254
vlcsnap-2025-06-02-13h24m05s153.png, 23조 1926
vlcsnap-2025-06-02-13h24m10s621.png, 86버 0829
vlcsnap-2025-06-02-13h24m15s223.png, 810너 2167
vlcsnap-2025-06-02-13h24m23s133.png, 10두 2940
vlcsnap-2025-06-02-13h24m33s848.png, 94루 4645
vlcsnap-2025-06-02-13h24m38s432.png, [323버 6937
vlcsnap-2025-06-02-13h24m44s692.png, 45어 5306
vlcsnap-2025-06-02-13h24m50s625.png, 835머 8452
vlcsnap-2025-06-02-13h24m55s551.png, 823조8699
vlcsnap-2025-06-02-13h25m01s063.png, 97너 1556
vlcsnap-2025-06-02-13h25m04s722.png, 8284 5317
vlcsnap-2025-06-02-13h25m13s073.png, 184소9149
vlcsnap-2025-06-02-13h25m18s131.png, 48너 3487
vlcsnap-2025-06-02-13h25m37s533.png, 827라 8384
vlcsnap-2025-06-02-13h25m43s776.png, 06무5627
vlcsnap-2025-06-02-13h25m49s566.png, 522과7392
vlcsnap-2025-06-02-13h25m57s511.png, 1152너 6057
vlcsnap-2025-06-02-13h26m01s103.png, 13거 1772
vlcsnap-2025-06-02-13h26m05s473.png, 64주 1278
vlcsnap-2025-06-02-13h26m13s214.png, 994 9830
vlcsnap-2025-06-02-13h26m17s729.png, 62고 2918
vlcsnap-2025-06-02-13h26m21s900.png, 61러 8525
vlcsnap-2025-06-02-13h26m27s993.png, [1497 9863
vlcsnap-2025-06-02-13h26m34s118.png, 결25바 1519
vlcsnap-2025-06-02-13h26m42s854.png, 92주 1325
vlcsnap-2025-06-02-13h26m48s402.png, 77거0
vlcsnap-2025-06-02-13h26m57s000.png, [42더 5714
vlcsnap-2025-06-02-13h27m01s402.png, 05라 73932
vlcsnap-2025-06-02-13h27m12s017.png, 20서 84483
vlcsnap-2025-06-02-13h27m16s548.png, 222혀 1060
vlcsnap-2025-06-02-13h27m19s772.png, [127오 8888
vlcsnap-2025-06-02-13h27m24s335.png, 58터 2824
vlcsnap-2025-06-02-13h27m32s632.png, 47로 7810
vlcsnap-2025-06-02-13h27m36s434.png, 809두 9092
vlcsnap-2025-06-02-13h27m41s309.png, 멋870 8864
vlcsnap-2025-06-02-13h27m49s483.png, 28모 4174.
vlcsnap-2025-06-02-13h27m53s556.png, 04부 3297
vlcsnap-2025-06-02-13h27m57s435.png, 321고 5598
vlcsnap-2025-06-02-13h28m07s377.png, 245우 7799
vlcsnap-2025-06-02-13h28m11s464.png, 130머 4006
vlcsnap-2025-06-02-13h28m16s536.png, 103노4226_
vlcsnap-2025-06-02-13h28m22s322.png, 15두 7187
vlcsnap-2025-06-02-13h28m25s733.png, 128려 1248
vlcsnap-2025-06-02-13h28m32s397.png, 12무 5662.
vlcsnap-2025-06-02-13h28m36s680.png, 47머 3755
