vlcsnap-2025-06-02-13h22m06s352.png, 352고7198
vlcsnap-2025-06-02-13h22m11s859.png, 67로0737
vlcsnap-2025-06-02-13h22m25s698.png, 24저1548
vlcsnap-2025-06-02-13h22m37s756.png, 18오0374
vlcsnap-2025-06-02-13h22m42s667.png, 38조2084
vlcsnap-2025-06-02-13h22m50s868.png, 43저6167
vlcsnap-2025-06-02-13h22m59s111.png, 03보7484
vlcsnap-2025-06-02-13h23m06s401.png, 19서3661
vlcsnap-2025-06-02-13h23m10s938.png, 48버1945
vlcsnap-2025-06-02-13h23m19s331.png, 35거0225
vlcsnap-2025-06-02-13h23m27s622.png, 97나7742
vlcsnap-2025-06-02-13h23m32s720.png, 8가러60
vlcsnap-2025-06-02-13h23m49s272.png, 59나0902
vlcsnap-2025-06-02-13h23m56s039.png, 11모9697
vlcsnap-2025-06-02-13h24m01s203.png, 25오9254
vlcsnap-2025-06-02-13h24m05s153.png, 23조1926
vlcsnap-2025-06-02-13h24m10s621.png, 86버0829
vlcsnap-2025-06-02-13h24m15s223.png, 810너2167
vlcsnap-2025-06-02-13h24m23s133.png, 10두2940
vlcsnap-2025-06-02-13h24m33s848.png, 94루4645
vlcsnap-2025-06-02-13h24m38s432.png, 323버6937
vlcsnap-2025-06-02-13h24m44s692.png, 45어5306
vlcsnap-2025-06-02-13h24m50s625.png, 835머8452
vlcsnap-2025-06-02-13h24m55s551.png, 823조8699
vlcsnap-2025-06-02-13h25m01s063.png, 97너1556
vlcsnap-2025-06-02-13h25m04s722.png, 828나5317
vlcsnap-2025-06-02-13h25m13s073.png, 84소9149
vlcsnap-2025-06-02-13h25m18s131.png, 48너3487
vlcsnap-2025-06-02-13h25m37s533.png, 827라8384
vlcsnap-2025-06-02-13h25m43s776.png, 06무5627
vlcsnap-2025-06-02-13h25m49s566.png, 322가32
vlcsnap-2025-06-02-13h25m57s511.png, 152너6057
vlcsnap-2025-06-02-13h26m01s103.png, 13거1772
vlcsnap-2025-06-02-13h26m05s473.png, 64주1278
vlcsnap-2025-06-02-13h26m13s214.png, 99나9830
vlcsnap-2025-06-02-13h26m17s729.png, 62고2918
vlcsnap-2025-06-02-13h26m21s900.png, 61러8525
vlcsnap-2025-06-02-13h26m27s993.png, 149가9863
vlcsnap-2025-06-02-13h26m34s118.png, 강25바1519
vlcsnap-2025-06-02-13h26m42s854.png, 92주1325
vlcsnap-2025-06-02-13h26m48s402.png, 7786
vlcsnap-2025-06-02-13h26m57s000.png, 142더5714
vlcsnap-2025-06-02-13h27m01s402.png, 05라7393
vlcsnap-2025-06-02-13h27m12s017.png, 20서8448
vlcsnap-2025-06-02-13h27m16s548.png, 222허1060
vlcsnap-2025-06-02-13h27m19s772.png, 127오8888
vlcsnap-2025-06-02-13h27m24s335.png, 58더2824
vlcsnap-2025-06-02-13h27m32s632.png, 47로7810
vlcsnap-2025-06-02-13h27m36s434.png, 809두9092
vlcsnap-2025-06-02-13h27m41s309.png, 인87아8864
vlcsnap-2025-06-02-13h27m49s483.png, 28모4174
vlcsnap-2025-06-02-13h27m53s556.png, 04부3297
vlcsnap-2025-06-02-13h27m57s435.png, 321고5598
vlcsnap-2025-06-02-13h28m07s377.png, 245우7799
vlcsnap-2025-06-02-13h28m11s464.png, 130머4006
vlcsnap-2025-06-02-13h28m16s536.png, 103노4226
vlcsnap-2025-06-02-13h28m22s322.png, 15무7187
vlcsnap-2025-06-02-13h28m25s733.png, 128러1248
vlcsnap-2025-06-02-13h28m32s397.png, 12무5662
vlcsnap-2025-06-02-13h28m36s680.png, 47머3755
