vlcsnap-2025-06-02-13h22m06s352.png, 835217178
vlcsnap-2025-06-02-13h22m11s859.png, 07모0737
vlcsnap-2025-06-02-13h22m25s698.png, 24537040
vlcsnap-2025-06-02-13h22m37s756.png, 4890374
vlcsnap-2025-06-02-13h22m42s667.png, 30832084
vlcsnap-2025-06-02-13h22m50s868.png, 01노3460107
vlcsnap-2025-06-02-13h22m59s111.png, 0351484
vlcsnap-2025-06-02-13h23m06s401.png, 6943001
vlcsnap-2025-06-02-13h23m10s938.png, 4803043
vlcsnap-2025-06-02-13h23m19s331.png, 35노70225
vlcsnap-2025-06-02-13h23m27s622.png, 경78013142
vlcsnap-2025-06-02-13h23m32s720.png, 3004717
vlcsnap-2025-06-02-13h23m49s272.png, 910902
vlcsnap-2025-06-02-13h23m56s039.png, 71모9693
vlcsnap-2025-06-02-13h24m01s203.png, 23오4204
vlcsnap-2025-06-02-13h24m05s153.png, 23소920
vlcsnap-2025-06-02-13h24m10s621.png, 8600829
vlcsnap-2025-06-02-13h24m15s223.png, 8108210
vlcsnap-2025-06-02-13h24m23s133.png, 7012940
vlcsnap-2025-06-02-13h24m33s848.png, 94444645
vlcsnap-2025-06-02-13h24m38s432.png, 32506937
vlcsnap-2025-06-02-13h24m44s692.png, 4500300
vlcsnap-2025-06-02-13h24m50s625.png, 83908452
vlcsnap-2025-06-02-13h24m55s551.png, 823소8699
vlcsnap-2025-06-02-13h25m01s063.png, 4077머너556
vlcsnap-2025-06-02-13h25m04s722.png, 8281521
vlcsnap-2025-06-02-13h25m13s073.png, 18449149
vlcsnap-2025-06-02-13h25m18s131.png, 4821340
vlcsnap-2025-06-02-13h25m37s533.png, 87780384
vlcsnap-2025-06-02-13h25m43s776.png, 06무562
vlcsnap-2025-06-02-13h25m49s566.png, 3227392
vlcsnap-2025-06-02-13h25m57s511.png, 15206057
vlcsnap-2025-06-02-13h26m01s103.png, 3373712
vlcsnap-2025-06-02-13h26m05s473.png, 5416270
vlcsnap-2025-06-02-13h26m13s214.png, 499049830
vlcsnap-2025-06-02-13h26m17s729.png, 6212910
vlcsnap-2025-06-02-13h26m21s900.png, 6120520
vlcsnap-2025-06-02-13h26m27s993.png, 14979003
vlcsnap-2025-06-02-13h26m34s118.png, 8울29001579
vlcsnap-2025-06-02-13h26m42s854.png, 9233320
vlcsnap-2025-06-02-13h26m48s402.png, 9880
vlcsnap-2025-06-02-13h26m57s000.png, 14201514
vlcsnap-2025-06-02-13h27m01s402.png, 02고13930
vlcsnap-2025-06-02-13h27m12s017.png, 20404485
vlcsnap-2025-06-02-13h27m16s548.png, 22071060
vlcsnap-2025-06-02-13h27m19s772.png, 127오0908
vlcsnap-2025-06-02-13h27m24s335.png, 681너2824
vlcsnap-2025-06-02-13h27m32s632.png, 0313010
vlcsnap-2025-06-02-13h27m36s434.png, 80959092
vlcsnap-2025-06-02-13h27m41s309.png, 서경78700064
vlcsnap-2025-06-02-13h27m49s483.png, 28541745
vlcsnap-2025-06-02-13h27m53s556.png, 0450297
vlcsnap-2025-06-02-13h27m57s435.png, 32133598
vlcsnap-2025-06-02-13h28m07s377.png, 24590799
vlcsnap-2025-06-02-13h28m11s464.png, 3004006
vlcsnap-2025-06-02-13h28m16s536.png, 703노4226
vlcsnap-2025-06-02-13h28m22s322.png, 8노093107
vlcsnap-2025-06-02-13h28m25s733.png, 2881249
vlcsnap-2025-06-02-13h28m32s397.png, 32모마0002
vlcsnap-2025-06-02-13h28m36s680.png, 4703753
